Participant;Heure de début;Sex:;Age:;Height:
XXX_24;12/05/2024 11:20;Man;32;176
XXX_25;12/06/2024 10:01;Woman;51;166
XXX_26;12/06/2024 14:39;Man;34;179
XXX_27;12/09/2024 11:00;Man;26;178
XXX_28;12/09/2024 12:32;Man;29;170
XXX_29;12/09/2024 13:51;Man;28;180
XXX_30;12/09/2024 15:59;Woman;60;167
XXX_31;12/09/2024 17:08;Man;27;175
XXX_32;12/09/2024 17:56;Man;31;173
XXX_33;12/10/2024 09:35;Woman;48;176
XXX_34;12/10/2024 13:50;Man;29;173
XXX_35;12/10/2024 13:57;Woman;27;178
XXX_36;12/11/2024 09:34;Man;27;187
XXX_37;12/11/2024 10:32;Man;26;185
XXX_38;12/11/2024 11:26;Man;62;180
XXX_39;12/11/2024 14:07;Man;26;190
XXX_40;12/12/2024 08:47;Woman;26;161
XXX_41;12/13/2024 10:47:13;Man;24;171
XXX_42;12/13/2024 11:49:18;Woman;21;169
XXX_43;18/03/2025 10:48;Woman;25;157
