perception_id,participant_id,perceived_distance,weather_id,velocity_id,distance_id,velocity_ms,real_time,perceived_time,velocity_group,velocity_cat,error_ttc,ttc_bin
1,XXX_24,38.7855,night,20.0,50.0,5.555555555555555,9.0,6.98139,low,20 km/h,-2.01861,9
2,XXX_24,84.0596,rain,60.0,70.0,16.666666666666668,4.199999999999999,5.043576,high,60 km/h,0.8435760000000005,4
3,XXX_24,54.5039,rain,60.0,50.0,16.666666666666668,3.0,3.270234,high,60 km/h,0.27023399999999986,3
4,XXX_24,46.0676,night,40.0,50.0,11.11111111111111,4.5,4.146084,medium,40 km/h,-0.3539159999999999,4
5,XXX_24,51.8885,night,60.0,50.0,16.666666666666668,3.0,3.11331,high,60 km/h,0.1133099999999998,3
6,XXX_24,32.45,rain,40.0,30.0,11.11111111111111,2.7,2.9205000000000005,medium,40 km/h,0.22050000000000036,3
7,XXX_24,40.5729,night,20.0,70.0,5.555555555555555,12.6,7.303122,low,20 km/h,-5.2968779999999995,13
8,XXX_24,30.6168,clear,60.0,30.0,16.666666666666668,1.7999999999999998,1.837008,high,60 km/h,0.03700800000000015,2
9,XXX_24,61.6318,clear,20.0,70.0,5.555555555555555,12.6,11.093724,low,20 km/h,-1.5062759999999997,13
10,XXX_24,35.662,clear,20.0,30.0,5.555555555555555,5.4,6.41916,low,20 km/h,1.0191599999999994,5
11,XXX_24,42.1967,rain,20.0,50.0,5.555555555555555,9.0,7.5954060000000005,low,20 km/h,-1.4045939999999995,9
12,XXX_24,34.3445,clear,20.0,50.0,5.555555555555555,9.0,6.18201,low,20 km/h,-2.81799,9
13,XXX_24,22.3643,rain,20.0,30.0,5.555555555555555,5.4,4.025574,low,20 km/h,-1.3744260000000006,5
14,XXX_24,111.411,night,60.0,70.0,16.666666666666668,4.199999999999999,6.68466,high,60 km/h,2.4846600000000008,4
15,XXX_24,44.3231,clear,40.0,50.0,11.11111111111111,4.5,3.989079,medium,40 km/h,-0.5109210000000002,4
16,XXX_24,34.7259,night,60.0,30.0,16.666666666666668,1.7999999999999998,2.083554,high,60 km/h,0.2835540000000001,2
17,XXX_24,47.1924,rain,20.0,70.0,5.555555555555555,12.6,8.494632,low,20 km/h,-4.105368,13
18,XXX_24,24.5165,night,20.0,30.0,5.555555555555555,5.4,4.4129700000000005,low,20 km/h,-0.9870299999999999,5
19,XXX_24,51.4913,clear,60.0,50.0,16.666666666666668,3.0,3.0894779999999997,high,60 km/h,0.08947799999999972,3
20,XXX_24,77.4936,rain,40.0,70.0,11.11111111111111,6.3,6.974424,medium,40 km/h,0.6744240000000001,6
21,XXX_24,31.2693,rain,60.0,30.0,16.666666666666668,1.7999999999999998,1.876158,high,60 km/h,0.07615800000000017,2
22,XXX_24,25.8579,clear,40.0,30.0,11.11111111111111,2.7,2.327211,medium,40 km/h,-0.37278900000000004,3
23,XXX_24,61.6455,clear,60.0,70.0,16.666666666666668,4.199999999999999,3.69873,high,60 km/h,-0.5012699999999994,4
24,XXX_24,61.4902,clear,40.0,70.0,11.11111111111111,6.3,5.534118,medium,40 km/h,-0.7658819999999995,6
25,XXX_24,29.0114,night,40.0,30.0,11.11111111111111,2.7,2.611026,medium,40 km/h,-0.08897400000000033,3
26,XXX_24,61.1959,night,40.0,70.0,11.11111111111111,6.3,5.507631,medium,40 km/h,-0.7923689999999999,6
27,XXX_24,42.5449,rain,40.0,50.0,11.11111111111111,4.5,3.829041,medium,40 km/h,-0.6709589999999999,4
29,XXX_25,61.5417,clear,50.0,50.0,13.88888888888889,3.6,4.4310024,medium,50 km/h,0.8310023999999996,4
30,XXX_25,26.8708,rain,70.0,30.0,19.444444444444446,1.5428571428571427,1.381926857142857,high,70 km/h,-0.1609302857142858,2
31,XXX_25,31.3769,rain,30.0,50.0,8.333333333333334,6.0,3.7652279999999996,low,30 km/h,-2.2347720000000004,6
32,XXX_25,61.632,clear,70.0,70.0,19.444444444444446,3.5999999999999996,3.1696457142857137,high,70 km/h,-0.4303542857142859,4
33,XXX_25,25.8878,night,30.0,30.0,8.333333333333334,3.5999999999999996,3.1065359999999997,low,30 km/h,-0.4934639999999999,4
34,XXX_25,30.0594,clear,50.0,30.0,13.88888888888889,2.16,2.1642768,medium,50 km/h,0.0042767999999999695,2
35,XXX_25,43.1073,clear,30.0,50.0,8.333333333333334,6.0,5.172876,low,30 km/h,-0.8271240000000004,6
36,XXX_25,33.429,night,70.0,30.0,19.444444444444446,1.5428571428571427,1.7192057142857142,high,70 km/h,0.17634857142857152,2
37,XXX_25,46.679,rain,70.0,50.0,19.444444444444446,2.571428571428571,2.4006342857142857,high,70 km/h,-0.17079428571428545,3
38,XXX_25,36.1981,night,50.0,30.0,13.88888888888889,2.16,2.6062632,medium,50 km/h,0.44626319999999975,2
39,XXX_25,91.0615,clear,50.0,70.0,13.88888888888889,5.04,6.5564279999999995,medium,50 km/h,1.5164279999999994,5
40,XXX_25,47.4767,rain,30.0,30.0,8.333333333333334,3.5999999999999996,5.697204,low,30 km/h,2.0972040000000005,4
41,XXX_25,33.0302,rain,50.0,30.0,13.88888888888889,2.16,2.3781744,medium,50 km/h,0.21817439999999966,2
42,XXX_25,64.3829,clear,30.0,70.0,8.333333333333334,8.399999999999999,7.725948,low,30 km/h,-0.6740519999999988,8
43,XXX_25,84.2021,night,30.0,70.0,8.333333333333334,8.399999999999999,10.104251999999999,low,30 km/h,1.7042520000000003,8
44,XXX_25,34.9392,clear,70.0,30.0,19.444444444444446,1.5428571428571427,1.7968731428571427,high,70 km/h,0.254016,2
45,XXX_25,101.709,night,50.0,70.0,13.88888888888889,5.04,7.323048,medium,50 km/h,2.283048,5
46,XXX_25,61.8896,rain,30.0,70.0,8.333333333333334,8.399999999999999,7.426752,low,30 km/h,-0.973247999999999,8
47,XXX_25,43.5506,clear,30.0,30.0,8.333333333333334,3.5999999999999996,5.226072,low,30 km/h,1.6260720000000006,4
48,XXX_25,86.49,night,70.0,70.0,19.444444444444446,3.5999999999999996,4.4480571428571425,high,70 km/h,0.8480571428571428,4
49,XXX_25,52.5715,clear,70.0,50.0,19.444444444444446,2.571428571428571,2.7036771428571424,high,70 km/h,0.13224857142857127,3
50,XXX_25,39.0362,rain,50.0,50.0,13.88888888888889,3.6,2.8106064,medium,50 km/h,-0.7893935999999999,4
51,XXX_25,34.9409,night,50.0,50.0,13.88888888888889,3.6,2.5157448,medium,50 km/h,-1.0842552000000003,4
52,XXX_25,36.4771,night,30.0,50.0,8.333333333333334,6.0,4.3772519999999995,low,30 km/h,-1.6227480000000005,6
53,XXX_25,48.7049,night,70.0,50.0,19.444444444444446,2.571428571428571,2.5048234285714286,high,70 km/h,-0.06660514285714259,3
54,XXX_25,67.3577,rain,70.0,70.0,19.444444444444446,3.5999999999999996,3.464110285714285,high,70 km/h,-0.13588971428571472,4
55,XXX_26,85.0463,night,70.0,60.0,19.444444444444446,3.0857142857142854,4.373809714285714,high,70 km/h,1.2880954285714283,3
56,XXX_26,36.6923,rain,50.0,40.0,13.88888888888889,2.88,2.6418456000000003,medium,50 km/h,-0.23815439999999954,3
57,XXX_26,16.2282,night,70.0,20.0,19.444444444444446,1.0285714285714285,0.8345931428571428,high,70 km/h,-0.19397828571428566,1
58,XXX_26,41.4737,rain,70.0,40.0,19.444444444444446,2.057142857142857,2.1329331428571425,high,70 km/h,0.07579028571428559,2
59,XXX_26,34.4559,clear,30.0,40.0,8.333333333333334,4.8,4.134708,low,30 km/h,-0.665292,5
60,XXX_26,80.1383,rain,70.0,60.0,19.444444444444446,3.0857142857142854,4.121398285714285,high,70 km/h,1.0356839999999998,3
61,XXX_26,71.6133,rain,30.0,60.0,8.333333333333334,7.199999999999999,8.593595999999998,low,30 km/h,1.3935959999999987,7
62,XXX_26,22.5082,rain,30.0,20.0,8.333333333333334,2.4,2.7009839999999996,low,30 km/h,0.3009839999999997,2
63,XXX_26,44.3925,clear,50.0,40.0,13.88888888888889,2.88,3.1962599999999997,medium,50 km/h,0.31625999999999976,3
64,XXX_26,25.6571,clear,30.0,20.0,8.333333333333334,2.4,3.078852,low,30 km/h,0.678852,2
65,XXX_26,63.2417,night,50.0,60.0,13.88888888888889,4.32,4.5534024,medium,50 km/h,0.23340240000000012,4
66,XXX_26,20.7977,night,50.0,20.0,13.88888888888889,1.44,1.4974344,medium,50 km/h,0.0574344,1
68,XXX_26,71.4879,clear,30.0,60.0,8.333333333333334,7.199999999999999,8.578548,low,30 km/h,1.3785480000000003,7
69,XXX_26,17.2602,rain,50.0,20.0,13.88888888888889,1.44,1.2427344,medium,50 km/h,-0.19726559999999993,1
70,XXX_26,36.8701,night,70.0,40.0,19.444444444444446,2.057142857142857,1.8961765714285712,high,70 km/h,-0.16096628571428573,2
71,XXX_26,95.6667,clear,50.0,60.0,13.88888888888889,4.32,6.8880024,medium,50 km/h,2.5680024,4
72,XXX_26,25.6967,clear,50.0,20.0,13.88888888888889,1.44,1.8501623999999999,medium,50 km/h,0.4101623999999999,1
73,XXX_26,73.9788,rain,50.0,60.0,13.88888888888889,4.32,5.3264736,medium,50 km/h,1.0064735999999996,4
74,XXX_26,63.7182,night,30.0,60.0,8.333333333333334,7.199999999999999,7.646184,low,30 km/h,0.4461840000000006,7
75,XXX_26,21.4951,night,30.0,20.0,8.333333333333334,2.4,2.579412,low,30 km/h,0.17941200000000013,2
76,XXX_26,56.0065,night,50.0,40.0,13.88888888888889,2.88,4.032468,medium,50 km/h,1.1524679999999998,3
77,XXX_26,57.5512,clear,70.0,40.0,19.444444444444446,2.057142857142857,2.9597759999999997,high,70 km/h,0.9026331428571428,2
78,XXX_26,71.7299,clear,70.0,60.0,19.444444444444446,3.0857142857142854,3.6889662857142853,high,70 km/h,0.6032519999999999,3
79,XXX_26,18.2873,clear,70.0,20.0,19.444444444444446,1.0285714285714285,0.9404897142857142,high,70 km/h,-0.08808171428571432,1
80,XXX_26,18.7157,rain,70.0,20.0,19.444444444444446,1.0285714285714285,0.9625217142857141,high,70 km/h,-0.06604971428571438,1
81,XXX_26,47.7371,night,30.0,40.0,8.333333333333334,4.8,5.728451999999999,low,30 km/h,0.9284519999999992,5
82,XXX_27,17.6173,night,50.0,40.0,13.88888888888889,2.88,1.2684456,medium,50 km/h,-1.6115544,3
83,XXX_27,14.1579,night,70.0,20.0,19.444444444444446,1.0285714285714285,0.7281205714285713,high,70 km/h,-0.30045085714285713,1
84,XXX_27,30.843,clear,70.0,40.0,19.444444444444446,2.057142857142857,1.5862114285714284,high,70 km/h,-0.47093142857142856,2
85,XXX_27,29.5428,clear,30.0,40.0,8.333333333333334,4.8,3.545136,low,30 km/h,-1.254864,5
86,XXX_27,46.9391,clear,30.0,60.0,8.333333333333334,7.199999999999999,5.632692,low,30 km/h,-1.5673079999999997,7
87,XXX_27,12.7453,clear,50.0,20.0,13.88888888888889,1.44,0.9176616,medium,50 km/h,-0.5223384,1
88,XXX_27,31.7616,night,70.0,40.0,19.444444444444446,2.057142857142857,1.6334537142857142,high,70 km/h,-0.42368914285714276,2
89,XXX_27,38.4687,rain,50.0,40.0,13.88888888888889,2.88,2.7697464,medium,50 km/h,-0.11025360000000006,3
90,XXX_27,14.2368,clear,70.0,20.0,19.444444444444446,1.0285714285714285,0.7321782857142857,high,70 km/h,-0.2963931428571428,1
91,XXX_27,20.9857,clear,30.0,20.0,8.333333333333334,2.4,2.518284,low,30 km/h,0.11828400000000006,2
92,XXX_27,57.8267,rain,30.0,60.0,8.333333333333334,7.199999999999999,6.939204,low,30 km/h,-0.26079599999999914,7
93,XXX_27,52.386,night,50.0,60.0,13.88888888888889,4.32,3.771792,medium,50 km/h,-0.5482080000000003,4
94,XXX_27,11.4416,rain,50.0,20.0,13.88888888888889,1.44,0.8237952,medium,50 km/h,-0.6162048,1
95,XXX_27,72.404,clear,70.0,60.0,19.444444444444446,3.0857142857142854,3.7236342857142852,high,70 km/h,0.6379199999999998,3
96,XXX_27,17.4983,rain,30.0,20.0,8.333333333333334,2.4,2.099796,low,30 km/h,-0.3002039999999999,2
97,XXX_27,16.5975,night,30.0,20.0,8.333333333333334,2.4,1.9916999999999998,low,30 km/h,-0.4083000000000001,2
98,XXX_27,50.0707,night,30.0,60.0,8.333333333333334,7.199999999999999,6.008484,low,30 km/h,-1.1915159999999991,7
99,XXX_27,17.0254,night,50.0,20.0,13.88888888888889,1.44,1.2258288,medium,50 km/h,-0.2141712,1
100,XXX_27,40.869,clear,50.0,40.0,13.88888888888889,2.88,2.942568,medium,50 km/h,0.06256800000000018,3
101,XXX_27,57.1077,clear,50.0,60.0,13.88888888888889,4.32,4.1117544,medium,50 km/h,-0.20824560000000059,4
102,XXX_27,30.5623,night,30.0,40.0,8.333333333333334,4.8,3.6674759999999997,low,30 km/h,-1.132524,5
103,XXX_27,30.4686,rain,70.0,40.0,19.444444444444446,2.057142857142857,1.5669565714285711,high,70 km/h,-0.4901862857142858,2
104,XXX_27,53.6063,rain,70.0,60.0,19.444444444444446,3.0857142857142854,2.756895428571428,high,70 km/h,-0.3288188571428572,3
105,XXX_27,48.1754,rain,50.0,60.0,13.88888888888889,4.32,3.4686288000000003,medium,50 km/h,-0.8513712,4
106,XXX_27,10.0094,rain,70.0,20.0,19.444444444444446,1.0285714285714285,0.5147691428571428,high,70 km/h,-0.5138022857142857,1
107,XXX_27,31.7307,rain,30.0,40.0,8.333333333333334,4.8,3.8076839999999996,low,30 km/h,-0.9923160000000002,5
108,XXX_27,56.2149,night,70.0,60.0,19.444444444444446,3.0857142857142854,2.8910519999999997,high,70 km/h,-0.19466228571428568,3
109,XXX_28,24.6858,rain,20.0,20.0,5.555555555555555,3.6,4.443444,low,20 km/h,0.8434440000000003,4
110,XXX_28,11.2503,night,60.0,20.0,16.666666666666668,1.2,0.6750179999999999,high,60 km/h,-0.5249820000000001,1
111,XXX_28,46.2484,clear,40.0,40.0,11.11111111111111,3.6,4.162356,medium,40 km/h,0.5623559999999999,4
112,XXX_28,76.6859,clear,40.0,60.0,11.11111111111111,5.4,6.901731000000001,medium,40 km/h,1.5017310000000004,5
113,XXX_28,55.8506,rain,40.0,40.0,11.11111111111111,3.6,5.026554,medium,40 km/h,1.4265539999999999,4
114,XXX_28,111.369,rain,60.0,60.0,16.666666666666668,3.5999999999999996,6.6821399999999995,high,60 km/h,3.08214,4
115,XXX_28,14.4287,clear,60.0,20.0,16.666666666666668,1.2,0.8657219999999999,high,60 km/h,-0.3342780000000001,1
116,XXX_28,31.044,night,20.0,40.0,5.555555555555555,7.2,5.58792,low,20 km/h,-1.6120799999999997,7
117,XXX_28,24.3668,rain,60.0,20.0,16.666666666666668,1.2,1.462008,high,60 km/h,0.262008,1
118,XXX_28,68.9172,night,40.0,60.0,11.11111111111111,5.4,6.202547999999999,medium,40 km/h,0.8025479999999989,5
119,XXX_28,23.4477,clear,40.0,20.0,11.11111111111111,1.8,2.110293,medium,40 km/h,0.31029299999999993,2
120,XXX_28,57.7779,night,60.0,40.0,16.666666666666668,2.4,3.466674,high,60 km/h,1.066674,2
121,XXX_28,22.7715,clear,20.0,20.0,5.555555555555555,3.6,4.09887,low,20 km/h,0.4988699999999997,4
122,XXX_28,83.5724,rain,60.0,40.0,16.666666666666668,2.4,5.0143439999999995,high,60 km/h,2.6143439999999996,2
123,XXX_28,51.7409,rain,20.0,60.0,5.555555555555555,10.8,9.313362000000001,low,20 km/h,-1.4866379999999992,11
124,XXX_28,51.221,night,20.0,60.0,5.555555555555555,10.8,9.21978,low,20 km/h,-1.5802200000000006,11
125,XXX_28,79.0426,night,60.0,60.0,16.666666666666668,3.5999999999999996,4.7425559999999995,high,60 km/h,1.142556,4
126,XXX_28,46.5519,rain,20.0,40.0,5.555555555555555,7.2,8.379342000000001,low,20 km/h,1.179342000000001,7
127,XXX_28,19.2807,night,20.0,20.0,5.555555555555555,3.6,3.470526,low,20 km/h,-0.1294740000000001,4
128,XXX_28,68.0349,clear,60.0,40.0,16.666666666666668,2.4,4.082094,high,60 km/h,1.6820939999999998,2
129,XXX_28,34.1763,night,40.0,40.0,11.11111111111111,3.6,3.0758669999999997,medium,40 km/h,-0.5241330000000004,4
130,XXX_28,15.2812,night,40.0,20.0,11.11111111111111,1.8,1.375308,medium,40 km/h,-0.42469200000000007,2
131,XXX_28,53.9378,clear,20.0,60.0,5.555555555555555,10.8,9.708804,low,20 km/h,-1.091196,11
132,XXX_28,30.386,rain,40.0,20.0,11.11111111111111,1.8,2.73474,medium,40 km/h,0.9347399999999999,2
133,XXX_28,40.9105,clear,20.0,40.0,5.555555555555555,7.2,7.3638900000000005,low,20 km/h,0.1638900000000003,7
134,XXX_28,73.3507,rain,40.0,60.0,11.11111111111111,5.4,6.6015630000000005,medium,40 km/h,1.2015630000000002,5
135,XXX_28,92.8447,clear,60.0,60.0,16.666666666666668,3.5999999999999996,5.570682,high,60 km/h,1.970682,4
163,XXX_30,34.7102,night,30.0,60.0,8.333333333333334,7.199999999999999,4.165223999999999,low,30 km/h,-3.034776,7
164,XXX_30,10.1713,rain,50.0,20.0,13.88888888888889,1.44,0.7323336,medium,50 km/h,-0.7076663999999999,1
165,XXX_30,55.3304,night,70.0,60.0,19.444444444444446,3.0857142857142854,2.845563428571428,high,70 km/h,-0.24015085714285744,3
166,XXX_30,8.51822,rain,70.0,20.0,19.444444444444446,1.0285714285714285,0.43807988571428563,high,70 km/h,-0.5904915428571429,1
167,XXX_30,36.4465,rain,70.0,60.0,19.444444444444446,3.0857142857142854,1.8743914285714285,high,70 km/h,-1.211322857142857,3
168,XXX_30,50.8652,night,50.0,60.0,13.88888888888889,4.32,3.6622944,medium,50 km/h,-0.6577056000000003,4
169,XXX_30,19.9322,rain,70.0,40.0,19.444444444444446,2.057142857142857,1.0250845714285715,high,70 km/h,-1.0320582857142855,2
170,XXX_30,39.3672,clear,50.0,40.0,13.88888888888889,2.88,2.8344384,medium,50 km/h,-0.04556160000000009,3
171,XXX_30,13.3578,night,30.0,20.0,8.333333333333334,2.4,1.6029359999999997,low,30 km/h,-0.7970640000000002,2
172,XXX_30,32.1309,rain,30.0,40.0,8.333333333333334,4.8,3.8557079999999995,low,30 km/h,-0.9442920000000004,5
173,XXX_30,45.0774,rain,50.0,60.0,13.88888888888889,4.32,3.2455727999999997,medium,50 km/h,-1.0744272000000006,4
174,XXX_30,12.4469,clear,50.0,20.0,13.88888888888889,1.44,0.8961767999999999,medium,50 km/h,-0.5438232000000001,1
175,XXX_30,10.1708,night,70.0,20.0,19.444444444444446,1.0285714285714285,0.5230697142857142,high,70 km/h,-0.5055017142857142,1
176,XXX_30,40.4888,rain,50.0,40.0,13.88888888888889,2.88,2.9151936,medium,50 km/h,0.035193599999999936,3
177,XXX_30,43.8601,clear,30.0,60.0,8.333333333333334,7.199999999999999,5.263212,low,30 km/h,-1.936787999999999,7
178,XXX_30,7.87048,clear,30.0,20.0,8.333333333333334,2.4,0.9444575999999999,low,30 km/h,-1.4555424000000001,2
179,XXX_30,75.7946,clear,50.0,60.0,13.88888888888889,4.32,5.4572112,medium,50 km/h,1.1372111999999994,4
180,XXX_30,49.6953,rain,30.0,60.0,8.333333333333334,7.199999999999999,5.963436,low,30 km/h,-1.2365639999999996,7
181,XXX_30,36.528,night,30.0,40.0,8.333333333333334,4.8,4.38336,low,30 km/h,-0.4166400000000001,5
182,XXX_30,36.0038,night,70.0,40.0,19.444444444444446,2.057142857142857,1.8516239999999997,high,70 km/h,-0.20551885714285723,2
183,XXX_30,71.1756,clear,70.0,60.0,19.444444444444446,3.0857142857142854,3.6604594285714285,high,70 km/h,0.5747451428571431,3
184,XXX_30,38.8209,clear,30.0,40.0,8.333333333333334,4.8,4.658508,low,30 km/h,-0.1414919999999995,5
185,XXX_30,48.9755,clear,70.0,40.0,19.444444444444446,2.057142857142857,2.5187399999999998,high,70 km/h,0.4615971428571428,2
186,XXX_30,6.64182,night,50.0,20.0,13.88888888888889,1.44,0.47821104,medium,50 km/h,-0.96178896,1
187,XXX_30,15.917,rain,30.0,20.0,8.333333333333334,2.4,1.9100399999999997,low,30 km/h,-0.4899600000000002,2
188,XXX_30,34.4315,night,50.0,40.0,13.88888888888889,2.88,2.479068,medium,50 km/h,-0.40093200000000007,3
189,XXX_30,8.03816,clear,70.0,20.0,19.444444444444446,1.0285714285714285,0.4133910857142856,high,70 km/h,-0.6151803428571428,1
190,XXX_31,11.414,night,50.0,20.0,13.88888888888889,1.44,0.821808,medium,50 km/h,-0.618192,1
191,XXX_31,37.2796,night,70.0,60.0,19.444444444444446,3.0857142857142854,1.9172365714285713,high,70 km/h,-1.1684777142857141,3
192,XXX_31,21.3886,rain,50.0,40.0,13.88888888888889,2.88,1.5399791999999999,medium,50 km/h,-1.3400208,3
193,XXX_31,21.9741,night,70.0,40.0,19.444444444444446,2.057142857142857,1.1300965714285713,high,70 km/h,-0.9270462857142856,2
194,XXX_31,39.1019,rain,70.0,60.0,19.444444444444446,3.0857142857142854,2.010954857142857,high,70 km/h,-1.0747594285714284,3
195,XXX_31,9.552,rain,50.0,20.0,13.88888888888889,1.44,0.6877439999999999,medium,50 km/h,-0.752256,1
196,XXX_31,28.0782,night,30.0,60.0,8.333333333333334,7.199999999999999,3.3693839999999997,low,30 km/h,-3.8306159999999996,7
197,XXX_31,21.2809,night,30.0,40.0,8.333333333333334,4.8,2.553708,low,30 km/h,-2.246292,5
198,XXX_31,33.2781,clear,30.0,60.0,8.333333333333334,7.199999999999999,3.993372,low,30 km/h,-3.2066279999999994,7
199,XXX_31,9.57744,clear,70.0,20.0,19.444444444444446,1.0285714285714285,0.49255405714285705,high,70 km/h,-0.5360173714285714,1
200,XXX_31,22.1097,clear,30.0,40.0,8.333333333333334,4.8,2.653164,low,30 km/h,-2.146836,5
201,XXX_31,39.7881,rain,50.0,60.0,13.88888888888889,4.32,2.8647432,medium,50 km/h,-1.4552568000000004,4
202,XXX_31,39.0301,clear,70.0,60.0,19.444444444444446,3.0857142857142854,2.0072622857142854,high,70 km/h,-1.078452,3
203,XXX_31,19.9076,clear,50.0,40.0,13.88888888888889,2.88,1.4333471999999998,medium,50 km/h,-1.4466528,3
204,XXX_31,49.4639,clear,50.0,60.0,13.88888888888889,4.32,3.5614008,medium,50 km/h,-0.7585992000000004,4
205,XXX_31,16.686,rain,30.0,20.0,8.333333333333334,2.4,2.0023199999999997,low,30 km/h,-0.39768000000000026,2
206,XXX_31,44.4787,clear,70.0,40.0,19.444444444444446,2.057142857142857,2.287476,high,70 km/h,0.2303331428571429,2
207,XXX_31,12.3952,clear,50.0,20.0,13.88888888888889,1.44,0.8924544000000001,medium,50 km/h,-0.5475455999999999,1
208,XXX_31,33.458,rain,30.0,60.0,8.333333333333334,7.199999999999999,4.014959999999999,low,30 km/h,-3.18504,7
209,XXX_31,35.3758,night,50.0,40.0,13.88888888888889,2.88,2.5470575999999996,medium,50 km/h,-0.3329424000000003,3
210,XXX_31,11.3398,rain,70.0,40.0,19.444444444444446,2.057142857142857,0.5831897142857142,high,70 km/h,-1.4739531428571429,2
211,XXX_31,27.946,rain,30.0,40.0,8.333333333333334,4.8,3.35352,low,30 km/h,-1.4464799999999998,5
212,XXX_31,18.1295,night,30.0,20.0,8.333333333333334,2.4,2.17554,low,30 km/h,-0.2244600000000001,2
213,XXX_31,11.0811,night,70.0,20.0,19.444444444444446,1.0285714285714285,0.5698851428571428,high,70 km/h,-0.4586862857142857,1
214,XXX_31,68.05,night,50.0,60.0,13.88888888888889,4.32,4.8995999999999995,medium,50 km/h,0.5795999999999992,4
215,XXX_31,10.6562,rain,70.0,20.0,19.444444444444446,1.0285714285714285,0.5480331428571428,high,70 km/h,-0.4805382857142857,1
216,XXX_31,19.4366,clear,30.0,20.0,8.333333333333334,2.4,2.3323919999999996,low,30 km/h,-0.06760800000000033,2
217,XXX_32,54.0265,night,20.0,60.0,5.555555555555555,10.8,9.72477,low,20 km/h,-1.0752300000000012,11
218,XXX_32,17.5456,clear,40.0,20.0,11.11111111111111,1.8,1.579104,medium,40 km/h,-0.22089599999999998,2
219,XXX_32,18.0915,clear,20.0,20.0,5.555555555555555,3.6,3.25647,low,20 km/h,-0.3435299999999999,4
220,XXX_32,55.0435,clear,20.0,60.0,5.555555555555555,10.8,9.90783,low,20 km/h,-0.8921700000000001,11
221,XXX_32,39.9882,night,20.0,40.0,5.555555555555555,7.2,7.197876,low,20 km/h,-0.002124000000000237,7
222,XXX_32,74.6226,night,40.0,60.0,11.11111111111111,5.4,6.7160340000000005,medium,40 km/h,1.3160340000000001,5
223,XXX_32,47.1717,clear,40.0,40.0,11.11111111111111,3.6,4.245453,medium,40 km/h,0.6454530000000003,4
224,XXX_32,16.3289,night,20.0,20.0,5.555555555555555,3.6,2.9392020000000003,low,20 km/h,-0.6607979999999998,4
225,XXX_32,10.4452,clear,60.0,20.0,16.666666666666668,1.2,0.6267119999999999,high,60 km/h,-0.573288,1
226,XXX_32,54.7414,night,60.0,40.0,16.666666666666668,2.4,3.2844839999999995,high,60 km/h,0.8844839999999996,2
227,XXX_32,49.8311,clear,60.0,40.0,16.666666666666668,2.4,2.9898659999999997,high,60 km/h,0.5898659999999998,2
228,XXX_32,95.1304,clear,60.0,60.0,16.666666666666668,3.5999999999999996,5.707824,high,60 km/h,2.107824,4
229,XXX_32,20.5071,night,40.0,20.0,11.11111111111111,1.8,1.8456390000000003,medium,40 km/h,0.04563900000000021,2
230,XXX_32,10.5937,rain,60.0,20.0,16.666666666666668,1.2,0.6356219999999999,high,60 km/h,-0.564378,1
231,XXX_32,18.4774,night,60.0,20.0,16.666666666666668,1.2,1.108644,high,60 km/h,-0.09135599999999999,1
232,XXX_32,20.3545,rain,20.0,20.0,5.555555555555555,3.6,3.6638100000000002,low,20 km/h,0.06381000000000014,4
233,XXX_32,80.1066,rain,40.0,60.0,11.11111111111111,5.4,7.209594,medium,40 km/h,1.8095939999999997,5
234,XXX_32,63.975,clear,40.0,60.0,11.11111111111111,5.4,5.757750000000001,medium,40 km/h,0.35775000000000023,5
235,XXX_32,44.9395,night,40.0,40.0,11.11111111111111,3.6,4.044555000000001,medium,40 km/h,0.4445550000000007,4
236,XXX_32,54.9957,night,60.0,60.0,16.666666666666668,3.5999999999999996,3.2997419999999997,high,60 km/h,-0.3002579999999999,4
237,XXX_32,33.7619,rain,40.0,40.0,11.11111111111111,3.6,3.0385709999999997,medium,40 km/h,-0.5614290000000004,4
238,XXX_32,39.3056,rain,60.0,40.0,16.666666666666668,2.4,2.3583359999999995,high,60 km/h,-0.04166400000000037,2
239,XXX_32,37.4224,clear,20.0,40.0,5.555555555555555,7.2,6.736032000000001,low,20 km/h,-0.4639679999999995,7
240,XXX_32,29.9435,rain,20.0,40.0,5.555555555555555,7.2,5.38983,low,20 km/h,-1.8101700000000003,7
241,XXX_32,85.0769,rain,60.0,60.0,16.666666666666668,3.5999999999999996,5.104614,high,60 km/h,1.5046140000000001,4
242,XXX_32,13.2433,rain,40.0,20.0,11.11111111111111,1.8,1.191897,medium,40 km/h,-0.6081030000000001,2
243,XXX_32,49.1007,rain,20.0,60.0,5.555555555555555,10.8,8.838126,low,20 km/h,-1.961874,11
244,XXX_33,22.8397,rain,30.0,20.0,8.333333333333334,2.4,2.740764,low,30 km/h,0.34076400000000007,2
245,XXX_33,49.0707,night,70.0,40.0,19.444444444444446,2.057142857142857,2.5236359999999998,high,70 km/h,0.46649314285714283,2
246,XXX_33,43.7141,night,50.0,40.0,13.88888888888889,2.88,3.1474152,medium,50 km/h,0.2674152000000003,3
247,XXX_33,50.7031,clear,70.0,40.0,19.444444444444446,2.057142857142857,2.607588,high,70 km/h,0.5504451428571429,2
248,XXX_33,77.066,rain,70.0,60.0,19.444444444444446,3.0857142857142854,3.9633942857142856,high,70 km/h,0.8776800000000002,3
249,XXX_33,52.7312,clear,30.0,60.0,8.333333333333334,7.199999999999999,6.327744,low,30 km/h,-0.8722559999999993,7
250,XXX_33,60.1294,rain,50.0,60.0,13.88888888888889,4.32,4.3293168,medium,50 km/h,0.009316799999999681,4
251,XXX_33,9.23148,night,70.0,20.0,19.444444444444446,1.0285714285714285,0.4747618285714285,high,70 km/h,-0.5538095999999999,1
252,XXX_33,41.445,rain,50.0,40.0,13.88888888888889,2.88,2.98404,medium,50 km/h,0.10403999999999991,3
253,XXX_33,17.2063,clear,30.0,20.0,8.333333333333334,2.4,2.0647559999999996,low,30 km/h,-0.3352440000000003,2
254,XXX_33,19.0536,clear,50.0,20.0,13.88888888888889,1.44,1.3718591999999998,medium,50 km/h,-0.06814080000000011,1
255,XXX_33,24.6954,rain,70.0,20.0,19.444444444444446,1.0285714285714285,1.2700491428571428,high,70 km/h,0.2414777142857143,1
256,XXX_33,18.589,night,50.0,20.0,13.88888888888889,1.44,1.3384079999999998,medium,50 km/h,-0.10159200000000013,1
257,XXX_33,42.0789,night,30.0,40.0,8.333333333333334,4.8,5.049467999999999,low,30 km/h,0.24946799999999936,5
258,XXX_33,51.7125,rain,30.0,60.0,8.333333333333334,7.199999999999999,6.2055,low,30 km/h,-0.9944999999999995,7
259,XXX_33,65.3236,night,70.0,60.0,19.444444444444446,3.0857142857142854,3.359499428571428,high,70 km/h,0.2737851428571427,3
260,XXX_33,12.6851,rain,50.0,20.0,13.88888888888889,1.44,0.9133272,medium,50 km/h,-0.5266727999999999,1
261,XXX_33,14.8082,clear,70.0,20.0,19.444444444444446,1.0285714285714285,0.7615645714285714,high,70 km/h,-0.2670068571428571,1
262,XXX_33,72.9689,clear,70.0,60.0,19.444444444444446,3.0857142857142854,3.7526862857142858,high,70 km/h,0.6669720000000003,3
263,XXX_33,50.9159,rain,70.0,40.0,19.444444444444446,2.057142857142857,2.6185319999999996,high,70 km/h,0.5613891428571427,2
264,XXX_33,14.5589,night,30.0,20.0,8.333333333333334,2.4,1.7470679999999998,low,30 km/h,-0.6529320000000001,2
265,XXX_33,60.5596,night,50.0,60.0,13.88888888888889,4.32,4.3602912,medium,50 km/h,0.04029119999999953,4
266,XXX_33,28.0991,clear,30.0,40.0,8.333333333333334,4.8,3.371892,low,30 km/h,-1.428108,5
267,XXX_33,52.3173,clear,50.0,60.0,13.88888888888889,4.32,3.7668456,medium,50 km/h,-0.5531544000000004,4
268,XXX_33,62.9232,night,30.0,60.0,8.333333333333334,7.199999999999999,7.550783999999999,low,30 km/h,0.350784,7
269,XXX_33,38.5101,rain,30.0,40.0,8.333333333333334,4.8,4.621212,low,30 km/h,-0.17878799999999995,5
270,XXX_33,38.0715,clear,50.0,40.0,13.88888888888889,2.88,2.741148,medium,50 km/h,-0.13885199999999998,3
271,XXX_34,27.2296,rain,40.0,20.0,11.11111111111111,1.8,2.450664,medium,40 km/h,0.6506640000000001,2
272,XXX_34,47.4631,clear,20.0,60.0,5.555555555555555,10.8,8.543358,low,20 km/h,-2.256642000000001,11
273,XXX_34,86.4485,clear,40.0,60.0,11.11111111111111,5.4,7.780365,medium,40 km/h,2.3803649999999994,5
274,XXX_34,36.6611,clear,20.0,40.0,5.555555555555555,7.2,6.598998,low,20 km/h,-0.6010020000000003,7
275,XXX_34,85.5006,night,60.0,60.0,16.666666666666668,3.5999999999999996,5.130036,high,60 km/h,1.530036,4
276,XXX_34,32.0446,night,20.0,40.0,5.555555555555555,7.2,5.768028000000001,low,20 km/h,-1.4319719999999991,7
277,XXX_34,54.5366,night,20.0,60.0,5.555555555555555,10.8,9.816588000000001,low,20 km/h,-0.9834119999999995,11
278,XXX_34,34.1251,clear,40.0,40.0,11.11111111111111,3.6,3.0712590000000004,medium,40 km/h,-0.5287409999999997,4
279,XXX_34,56.8671,night,40.0,40.0,11.11111111111111,3.6,5.1180390000000004,medium,40 km/h,1.5180390000000004,4
280,XXX_34,20.9181,night,20.0,20.0,5.555555555555555,3.6,3.7652579999999998,low,20 km/h,0.16525799999999968,4
281,XXX_34,48.291,rain,40.0,40.0,11.11111111111111,3.6,4.34619,medium,40 km/h,0.7461899999999999,4
282,XXX_34,76.9663,clear,60.0,60.0,16.666666666666668,3.5999999999999996,4.617978,high,60 km/h,1.0179780000000003,4
283,XXX_34,46.1578,night,60.0,40.0,16.666666666666668,2.4,2.769468,high,60 km/h,0.3694679999999999,2
284,XXX_34,19.8151,night,60.0,20.0,16.666666666666668,1.2,1.188906,high,60 km/h,-0.011093999999999937,1
285,XXX_34,76.2295,night,40.0,60.0,11.11111111111111,5.4,6.860655,medium,40 km/h,1.460655,5
286,XXX_34,32.9651,rain,20.0,40.0,5.555555555555555,7.2,5.933718,low,20 km/h,-1.2662820000000004,7
287,XXX_34,78.6662,rain,40.0,60.0,11.11111111111111,5.4,7.079958,medium,40 km/h,1.679958,5
288,XXX_34,34.2177,night,40.0,20.0,11.11111111111111,1.8,3.079593,medium,40 km/h,1.279593,2
289,XXX_34,148.436,rain,60.0,60.0,16.666666666666668,3.5999999999999996,8.90616,high,60 km/h,5.30616,4
290,XXX_34,42.3102,rain,20.0,60.0,5.555555555555555,10.8,7.615836000000001,low,20 km/h,-3.184164,11
291,XXX_34,20.7421,rain,20.0,20.0,5.555555555555555,3.6,3.733578,low,20 km/h,0.13357799999999997,4
292,XXX_34,29.1443,clear,60.0,20.0,16.666666666666668,1.2,1.748658,high,60 km/h,0.5486580000000001,1
293,XXX_34,43.0128,clear,40.0,20.0,11.11111111111111,1.8,3.871152,medium,40 km/h,2.0711519999999997,2
294,XXX_34,31.841,clear,20.0,20.0,5.555555555555555,3.6,5.731380000000001,low,20 km/h,2.1313800000000005,4
295,XXX_34,61.9456,rain,60.0,40.0,16.666666666666668,2.4,3.7167359999999996,high,60 km/h,1.3167359999999997,2
296,XXX_34,95.5098,clear,60.0,40.0,16.666666666666668,2.4,5.730587999999999,high,60 km/h,3.330587999999999,2
297,XXX_34,36.6984,rain,60.0,20.0,16.666666666666668,1.2,2.201904,high,60 km/h,1.001904,1
298,XXX_35,3.38067,rain,20.0,30.0,5.555555555555555,5.4,0.6085206,low,20 km/h,-4.7914794,5
299,XXX_35,14.3773,clear,60.0,30.0,16.666666666666668,1.7999999999999998,0.8626379999999999,high,60 km/h,-0.9373619999999999,2
300,XXX_35,32.0986,clear,20.0,50.0,5.555555555555555,9.0,5.777748,low,20 km/h,-3.222252,9
301,XXX_35,23.6832,night,20.0,50.0,5.555555555555555,9.0,4.262976,low,20 km/h,-4.737024,9
302,XXX_35,21.718,rain,40.0,50.0,11.11111111111111,4.5,1.95462,medium,40 km/h,-2.5453799999999998,4
303,XXX_35,10.67,night,40.0,30.0,11.11111111111111,2.7,0.9603,medium,40 km/h,-1.7397,3
304,XXX_35,37.5331,clear,60.0,70.0,16.666666666666668,4.199999999999999,2.2519859999999996,high,60 km/h,-1.9480139999999997,4
305,XXX_35,56.6595,rain,60.0,50.0,16.666666666666668,3.0,3.3995699999999998,high,60 km/h,0.39956999999999976,3
306,XXX_35,22.0181,rain,40.0,30.0,11.11111111111111,2.7,1.981629,medium,40 km/h,-0.7183710000000001,3
307,XXX_35,15.8127,night,60.0,30.0,16.666666666666668,1.7999999999999998,0.9487619999999999,high,60 km/h,-0.8512379999999999,2
308,XXX_35,22.9892,clear,40.0,30.0,11.11111111111111,2.7,2.0690280000000003,medium,40 km/h,-0.6309719999999999,3
309,XXX_35,49.2635,rain,40.0,70.0,11.11111111111111,6.3,4.433715,medium,40 km/h,-1.8662849999999995,6
310,XXX_35,92.7745,night,60.0,70.0,16.666666666666668,4.199999999999999,5.56647,high,60 km/h,1.3664700000000005,4
311,XXX_35,34.1532,rain,60.0,30.0,16.666666666666668,1.7999999999999998,2.0491919999999997,high,60 km/h,0.24919199999999986,2
312,XXX_35,30.5203,night,20.0,70.0,5.555555555555555,12.6,5.493654,low,20 km/h,-7.106345999999999,13
313,XXX_35,38.8746,clear,40.0,50.0,11.11111111111111,4.5,3.498714,medium,40 km/h,-1.001286,4
314,XXX_35,44.7632,rain,60.0,70.0,16.666666666666668,4.199999999999999,2.6857919999999997,high,60 km/h,-1.5142079999999996,4
315,XXX_35,43.7459,night,40.0,50.0,11.11111111111111,4.5,3.937131,medium,40 km/h,-0.5628690000000001,4
316,XXX_35,25.0475,rain,20.0,50.0,5.555555555555555,9.0,4.5085500000000005,low,20 km/h,-4.4914499999999995,9
317,XXX_35,32.962,night,20.0,30.0,5.555555555555555,5.4,5.933160000000001,low,20 km/h,0.5331600000000005,5
318,XXX_35,76.7605,night,40.0,70.0,11.11111111111111,6.3,6.9084449999999995,medium,40 km/h,0.6084449999999997,6
319,XXX_35,30.601,night,60.0,50.0,16.666666666666668,3.0,1.8360599999999998,high,60 km/h,-1.1639400000000002,3
320,XXX_35,59.8277,clear,60.0,50.0,16.666666666666668,3.0,3.5896619999999997,high,60 km/h,0.5896619999999997,3
321,XXX_35,45.7777,clear,20.0,70.0,5.555555555555555,12.6,8.239986,low,20 km/h,-4.360014,13
322,XXX_35,43.1278,rain,20.0,70.0,5.555555555555555,12.6,7.7630040000000005,low,20 km/h,-4.836995999999999,13
323,XXX_35,61.3926,clear,40.0,70.0,11.11111111111111,6.3,5.525334,medium,40 km/h,-0.7746659999999999,6
324,XXX_35,24.2845,clear,20.0,30.0,5.555555555555555,5.4,4.3712100000000005,low,20 km/h,-1.0287899999999999,5
325,XXX_36,26.3392,night,40.0,20.0,11.11111111111111,1.8,2.370528,medium,40 km/h,0.5705280000000001,2
326,XXX_36,67.4616,night,60.0,60.0,16.666666666666668,3.5999999999999996,4.047696,high,60 km/h,0.44769600000000054,4
327,XXX_36,57.085,clear,40.0,60.0,11.11111111111111,5.4,5.13765,medium,40 km/h,-0.2623500000000005,5
328,XXX_36,41.983,rain,40.0,40.0,11.11111111111111,3.6,3.77847,medium,40 km/h,0.1784699999999999,4
329,XXX_36,43.3225,night,20.0,60.0,5.555555555555555,10.8,7.79805,low,20 km/h,-3.001950000000001,11
330,XXX_36,59.1583,rain,60.0,60.0,16.666666666666668,3.5999999999999996,3.5494979999999994,high,60 km/h,-0.05050200000000027,4
331,XXX_36,34.4533,rain,20.0,40.0,5.555555555555555,7.2,6.201594,low,20 km/h,-0.9984060000000001,7
332,XXX_36,16.9903,rain,20.0,20.0,5.555555555555555,3.6,3.0582540000000003,low,20 km/h,-0.5417459999999998,4
333,XXX_36,30.3945,night,60.0,40.0,16.666666666666668,2.4,1.82367,high,60 km/h,-0.57633,2
334,XXX_36,24.0199,clear,20.0,40.0,5.555555555555555,7.2,4.323582,low,20 km/h,-2.876418,7
335,XXX_36,16.8813,rain,40.0,20.0,11.11111111111111,1.8,1.519317,medium,40 km/h,-0.280683,2
336,XXX_36,45.0383,rain,60.0,40.0,16.666666666666668,2.4,2.702298,high,60 km/h,0.30229799999999996,2
337,XXX_36,34.9084,clear,40.0,40.0,11.11111111111111,3.6,3.141756,medium,40 km/h,-0.4582440000000001,4
338,XXX_36,21.7631,rain,60.0,20.0,16.666666666666668,1.2,1.305786,high,60 km/h,0.10578599999999994,1
339,XXX_36,65.5023,rain,40.0,60.0,11.11111111111111,5.4,5.895207000000001,medium,40 km/h,0.4952070000000006,5
340,XXX_36,56.2107,night,40.0,60.0,11.11111111111111,5.4,5.058963,medium,40 km/h,-0.34103700000000003,5
341,XXX_36,21.4081,night,20.0,20.0,5.555555555555555,3.6,3.8534580000000003,low,20 km/h,0.2534580000000002,4
342,XXX_36,48.1968,night,40.0,40.0,11.11111111111111,3.6,4.337712000000001,medium,40 km/h,0.7377120000000006,4
343,XXX_36,31.9102,night,20.0,40.0,5.555555555555555,7.2,5.743836,low,20 km/h,-1.4561640000000002,7
344,XXX_36,20.0338,clear,20.0,20.0,5.555555555555555,3.6,3.606084,low,20 km/h,0.006083999999999978,4
345,XXX_36,62.5132,clear,60.0,60.0,16.666666666666668,3.5999999999999996,3.7507919999999997,high,60 km/h,0.15079200000000004,4
346,XXX_36,42.3201,rain,20.0,60.0,5.555555555555555,10.8,7.617617999999999,low,20 km/h,-3.1823820000000014,11
347,XXX_36,43.1915,clear,60.0,40.0,16.666666666666668,2.4,2.59149,high,60 km/h,0.19148999999999994,2
348,XXX_36,18.4502,clear,40.0,20.0,11.11111111111111,1.8,1.660518,medium,40 km/h,-0.1394820000000001,2
349,XXX_36,18.4316,night,60.0,20.0,16.666666666666668,1.2,1.105896,high,60 km/h,-0.09410399999999997,1
350,XXX_36,45.4203,clear,20.0,60.0,5.555555555555555,10.8,8.175654,low,20 km/h,-2.624346000000001,11
351,XXX_36,23.1171,clear,60.0,20.0,16.666666666666668,1.2,1.3870259999999999,high,60 km/h,0.18702599999999991,1
352,XXX_37,25.0571,clear,70.0,50.0,19.444444444444446,2.571428571428571,1.288650857142857,high,70 km/h,-1.2827777142857142,3
353,XXX_37,28.02,rain,50.0,70.0,13.88888888888889,5.04,2.01744,medium,50 km/h,-3.02256,5
354,XXX_37,33.3427,rain,70.0,70.0,19.444444444444446,3.5999999999999996,1.7147674285714285,high,70 km/h,-1.8852325714285711,4
355,XXX_37,14.932,rain,70.0,30.0,19.444444444444446,1.5428571428571427,0.7679314285714285,high,70 km/h,-0.7749257142857142,2
356,XXX_37,26.6287,night,50.0,50.0,13.88888888888889,3.6,1.9172664,medium,50 km/h,-1.6827336000000002,4
357,XXX_37,13.9412,night,30.0,30.0,8.333333333333334,3.5999999999999996,1.672944,low,30 km/h,-1.9270559999999997,4
358,XXX_37,17.3649,night,50.0,30.0,13.88888888888889,2.16,1.2502727999999999,medium,50 km/h,-0.9097272000000003,2
359,XXX_37,22.9754,rain,30.0,30.0,8.333333333333334,3.5999999999999996,2.7570479999999997,low,30 km/h,-0.8429519999999999,4
360,XXX_37,39.3944,rain,50.0,50.0,13.88888888888889,3.6,2.8363967999999997,medium,50 km/h,-0.7636032000000004,4
361,XXX_37,27.4132,night,30.0,50.0,8.333333333333334,6.0,3.2895839999999996,low,30 km/h,-2.7104160000000004,6
362,XXX_37,42.8251,night,30.0,70.0,8.333333333333334,8.399999999999999,5.139011999999999,low,30 km/h,-3.2609879999999993,8
363,XXX_37,35.3385,night,50.0,70.0,13.88888888888889,5.04,2.544372,medium,50 km/h,-2.495628,5
364,XXX_37,40.9272,night,70.0,70.0,19.444444444444446,3.5999999999999996,2.1048274285714283,high,70 km/h,-1.4951725714285713,4
365,XXX_37,42.4896,clear,70.0,70.0,19.444444444444446,3.5999999999999996,2.1851794285714283,high,70 km/h,-1.4148205714285713,4
366,XXX_37,35.8477,rain,30.0,70.0,8.333333333333334,8.399999999999999,4.301724,low,30 km/h,-4.0982759999999985,8
367,XXX_37,16.4659,rain,50.0,30.0,13.88888888888889,2.16,1.1855448,medium,50 km/h,-0.9744552000000002,2
368,XXX_37,31.8975,rain,70.0,50.0,19.444444444444446,2.571428571428571,1.640442857142857,high,70 km/h,-0.9309857142857141,3
369,XXX_37,47.1887,clear,50.0,70.0,13.88888888888889,5.04,3.3975864,medium,50 km/h,-1.6424136000000003,5
370,XXX_37,47.5647,clear,30.0,70.0,8.333333333333334,8.399999999999999,5.707764,low,30 km/h,-2.6922359999999985,8
371,XXX_37,13.7763,clear,70.0,30.0,19.444444444444446,1.5428571428571427,0.7084954285714286,high,70 km/h,-0.8343617142857142,2
372,XXX_37,30.1966,clear,30.0,50.0,8.333333333333334,6.0,3.623592,low,30 km/h,-2.376408,6
373,XXX_37,27.3624,clear,50.0,50.0,13.88888888888889,3.6,1.9700928,medium,50 km/h,-1.6299072000000001,4
374,XXX_37,26.7197,rain,30.0,50.0,8.333333333333334,6.0,3.2063639999999998,low,30 km/h,-2.7936360000000002,6
375,XXX_37,27.739,night,70.0,30.0,19.444444444444446,1.5428571428571427,1.4265771428571428,high,70 km/h,-0.11627999999999994,2
376,XXX_37,38.4949,night,70.0,50.0,19.444444444444446,2.571428571428571,1.9797377142857142,high,70 km/h,-0.591690857142857,3
377,XXX_37,25.4425,clear,30.0,30.0,8.333333333333334,3.5999999999999996,3.0530999999999997,low,30 km/h,-0.5468999999999999,4
378,XXX_37,17.2382,clear,50.0,30.0,13.88888888888889,2.16,1.2411504,medium,50 km/h,-0.9188496000000002,2
379,XXX_38,15.9373,night,60.0,20.0,16.666666666666668,1.2,0.9562379999999999,high,60 km/h,-0.24376200000000003,1
380,XXX_38,10.4436,clear,20.0,20.0,5.555555555555555,3.6,1.879848,low,20 km/h,-1.7201520000000001,4
381,XXX_38,10.0058,night,20.0,20.0,5.555555555555555,3.6,1.801044,low,20 km/h,-1.798956,4
382,XXX_38,31.8386,clear,40.0,60.0,11.11111111111111,5.4,2.865474,medium,40 km/h,-2.5345260000000005,5
383,XXX_38,10.5075,night,40.0,20.0,11.11111111111111,1.8,0.945675,medium,40 km/h,-0.854325,2
384,XXX_38,21.1928,night,20.0,40.0,5.555555555555555,7.2,3.814704,low,20 km/h,-3.3852960000000003,7
385,XXX_38,20.2613,clear,40.0,40.0,11.11111111111111,3.6,1.8235169999999998,medium,40 km/h,-1.7764830000000003,4
386,XXX_38,9.22208,rain,20.0,20.0,5.555555555555555,3.6,1.6599744,low,20 km/h,-1.9400256,4
387,XXX_38,11.643,rain,60.0,20.0,16.666666666666668,1.2,0.69858,high,60 km/h,-0.50142,1
388,XXX_38,11.4339,rain,40.0,20.0,11.11111111111111,1.8,1.029051,medium,40 km/h,-0.7709490000000001,2
389,XXX_38,26.33,night,60.0,40.0,16.666666666666668,2.4,1.5797999999999999,high,60 km/h,-0.8202,2
390,XXX_38,9.76563,clear,60.0,20.0,16.666666666666668,1.2,0.5859378,high,60 km/h,-0.6140622,1
391,XXX_38,17.3842,rain,20.0,40.0,5.555555555555555,7.2,3.129156,low,20 km/h,-4.070844,7
392,XXX_38,37.2416,night,40.0,60.0,11.11111111111111,5.4,3.351744,medium,40 km/h,-2.0482560000000003,5
393,XXX_38,22.9963,clear,20.0,60.0,5.555555555555555,10.8,4.139334000000001,low,20 km/h,-6.660666,11
394,XXX_38,20.9005,clear,20.0,40.0,5.555555555555555,7.2,3.76209,low,20 km/h,-3.43791,7
395,XXX_38,10.2675,clear,40.0,20.0,11.11111111111111,1.8,0.9240750000000001,medium,40 km/h,-0.875925,2
396,XXX_38,42.4855,clear,60.0,60.0,16.666666666666668,3.5999999999999996,2.54913,high,60 km/h,-1.0508699999999997,4
397,XXX_38,44.5699,night,60.0,60.0,16.666666666666668,3.5999999999999996,2.6741939999999995,high,60 km/h,-0.9258060000000001,4
398,XXX_38,23.2259,rain,40.0,40.0,11.11111111111111,3.6,2.090331,medium,40 km/h,-1.5096690000000001,4
399,XXX_38,22.114,rain,20.0,60.0,5.555555555555555,10.8,3.9805200000000003,low,20 km/h,-6.81948,11
400,XXX_38,41.3788,rain,60.0,60.0,16.666666666666668,3.5999999999999996,2.482728,high,60 km/h,-1.1172719999999998,4
401,XXX_38,24.1564,night,20.0,60.0,5.555555555555555,10.8,4.348152000000001,low,20 km/h,-6.451848,11
402,XXX_38,21.481,night,40.0,40.0,11.11111111111111,3.6,1.9332900000000002,medium,40 km/h,-1.66671,4
403,XXX_38,33.3923,rain,40.0,60.0,11.11111111111111,5.4,3.005307,medium,40 km/h,-2.394693,5
404,XXX_38,22.8384,clear,60.0,40.0,16.666666666666668,2.4,1.370304,high,60 km/h,-1.029696,2
405,XXX_38,23.937,rain,60.0,40.0,16.666666666666668,2.4,1.43622,high,60 km/h,-0.9637799999999999,2
406,XXX_39,39.3861,night,20.0,50.0,5.555555555555555,9.0,7.089498,low,20 km/h,-1.9105020000000001,9
407,XXX_39,28.1286,clear,40.0,50.0,11.11111111111111,4.5,2.531574,medium,40 km/h,-1.968426,4
408,XXX_39,44.3905,night,20.0,70.0,5.555555555555555,12.6,7.990290000000001,low,20 km/h,-4.609709999999999,13
409,XXX_39,41.0034,rain,60.0,70.0,16.666666666666668,4.199999999999999,2.4602039999999996,high,60 km/h,-1.7397959999999997,4
410,XXX_39,6.5033,clear,60.0,30.0,16.666666666666668,1.7999999999999998,0.390198,high,60 km/h,-1.4098019999999998,2
411,XXX_39,29.0512,rain,20.0,30.0,5.555555555555555,5.4,5.229216,low,20 km/h,-0.17078400000000027,5
412,XXX_39,35.9707,clear,20.0,50.0,5.555555555555555,9.0,6.474726,low,20 km/h,-2.5252739999999996,9
413,XXX_39,15.4777,clear,20.0,30.0,5.555555555555555,5.4,2.7859860000000003,low,20 km/h,-2.614014,5
414,XXX_39,14.9346,night,20.0,30.0,5.555555555555555,5.4,2.688228,low,20 km/h,-2.7117720000000003,5
415,XXX_39,33.2669,night,40.0,50.0,11.11111111111111,4.5,2.994021,medium,40 km/h,-1.505979,4
416,XXX_39,27.0371,rain,20.0,70.0,5.555555555555555,12.6,4.866678,low,20 km/h,-7.733321999999999,13
417,XXX_39,36.0825,clear,60.0,70.0,16.666666666666668,4.199999999999999,2.16495,high,60 km/h,-2.035049999999999,4
418,XXX_39,26.0356,rain,60.0,50.0,16.666666666666668,3.0,1.5621359999999997,high,60 km/h,-1.4378640000000003,3
419,XXX_39,29.0392,rain,20.0,50.0,5.555555555555555,9.0,5.227056,low,20 km/h,-3.772944,9
420,XXX_39,17.5035,night,40.0,30.0,11.11111111111111,2.7,1.575315,medium,40 km/h,-1.1246850000000002,3
421,XXX_39,43.7541,night,40.0,70.0,11.11111111111111,6.3,3.937869,medium,40 km/h,-2.3621309999999998,6
422,XXX_39,26.8996,rain,40.0,50.0,11.11111111111111,4.5,2.420964,medium,40 km/h,-2.079036,4
423,XXX_39,42.5476,clear,20.0,70.0,5.555555555555555,12.6,7.658568000000001,low,20 km/h,-4.941431999999999,13
424,XXX_39,20.598,clear,40.0,30.0,11.11111111111111,2.7,1.85382,medium,40 km/h,-0.8461800000000002,3
425,XXX_39,17.6269,night,60.0,30.0,16.666666666666668,1.7999999999999998,1.0576139999999998,high,60 km/h,-0.742386,2
426,XXX_39,41.6605,night,60.0,50.0,16.666666666666668,3.0,2.49963,high,60 km/h,-0.5003700000000002,3
427,XXX_39,40.509,clear,60.0,50.0,16.666666666666668,3.0,2.4305399999999997,high,60 km/h,-0.5694600000000003,3
428,XXX_39,23.585,rain,60.0,30.0,16.666666666666668,1.7999999999999998,1.4151,high,60 km/h,-0.3848999999999998,2
429,XXX_39,42.0546,rain,40.0,70.0,11.11111111111111,6.3,3.784914,medium,40 km/h,-2.5150859999999997,6
430,XXX_39,49.4534,clear,40.0,70.0,11.11111111111111,6.3,4.450806,medium,40 km/h,-1.8491939999999998,6
431,XXX_39,48.9329,night,60.0,70.0,16.666666666666668,4.199999999999999,2.9359739999999994,high,60 km/h,-1.2640259999999999,4
432,XXX_39,21.1446,rain,40.0,30.0,11.11111111111111,2.7,1.9030140000000002,medium,40 km/h,-0.796986,3
433,XXX_40,7.54903,clear,20.0,30.0,5.555555555555555,5.4,1.3588254,low,20 km/h,-4.041174600000001,5
434,XXX_40,5.26801,night,40.0,30.0,11.11111111111111,2.7,0.47412090000000007,medium,40 km/h,-2.2258791,3
435,XXX_40,14.0967,night,20.0,50.0,5.555555555555555,9.0,2.5374060000000003,low,20 km/h,-6.462593999999999,9
436,XXX_40,26.3387,clear,40.0,70.0,11.11111111111111,6.3,2.370483,medium,40 km/h,-3.9295169999999997,6
437,XXX_40,8.24788,rain,40.0,30.0,11.11111111111111,2.7,0.7423092,medium,40 km/h,-1.9576908000000002,3
438,XXX_40,8.65223,night,60.0,30.0,16.666666666666668,1.7999999999999998,0.5191338,high,60 km/h,-1.2808661999999997,2
439,XXX_40,21.2723,rain,20.0,70.0,5.555555555555555,12.6,3.8290140000000004,low,20 km/h,-8.770985999999999,13
440,XXX_40,31.8987,rain,40.0,70.0,11.11111111111111,6.3,2.870883,medium,40 km/h,-3.4291169999999997,6
441,XXX_40,20.3856,rain,20.0,50.0,5.555555555555555,9.0,3.6694080000000002,low,20 km/h,-5.330591999999999,9
442,XXX_40,16.0455,night,40.0,50.0,11.11111111111111,4.5,1.4440950000000001,medium,40 km/h,-3.055905,4
443,XXX_40,23.6572,rain,40.0,50.0,11.11111111111111,4.5,2.129148,medium,40 km/h,-2.370852,4
444,XXX_40,20.1996,clear,20.0,50.0,5.555555555555555,9.0,3.6359280000000003,low,20 km/h,-5.364072,9
445,XXX_40,9.4991,rain,20.0,30.0,5.555555555555555,5.4,1.7098380000000002,low,20 km/h,-3.690162,5
446,XXX_40,27.5072,clear,20.0,70.0,5.555555555555555,12.6,4.951296,low,20 km/h,-7.6487039999999995,13
447,XXX_40,8.2672,rain,60.0,30.0,16.666666666666668,1.7999999999999998,0.49603200000000003,high,60 km/h,-1.3039679999999998,2
448,XXX_40,29.2853,night,40.0,70.0,11.11111111111111,6.3,2.635677,medium,40 km/h,-3.664323,6
449,XXX_40,22.877,rain,60.0,50.0,16.666666666666668,3.0,1.3726199999999997,high,60 km/h,-1.6273800000000003,3
450,XXX_40,7.43069,clear,40.0,30.0,11.11111111111111,2.7,0.6687621,medium,40 km/h,-2.0312379000000003,3
451,XXX_40,9.38924,night,20.0,30.0,5.555555555555555,5.4,1.6900632,low,20 km/h,-3.7099368000000004,5
452,XXX_40,37.971,night,60.0,70.0,16.666666666666668,4.199999999999999,2.2782599999999995,high,60 km/h,-1.9217399999999998,4
453,XXX_40,10.082,clear,60.0,30.0,16.666666666666668,1.7999999999999998,0.60492,high,60 km/h,-1.19508,2
454,XXX_40,23.8817,clear,40.0,50.0,11.11111111111111,4.5,2.149353,medium,40 km/h,-2.350647,4
455,XXX_40,30.5979,clear,60.0,70.0,16.666666666666668,4.199999999999999,1.8358739999999998,high,60 km/h,-2.3641259999999997,4
456,XXX_40,15.1367,clear,60.0,50.0,16.666666666666668,3.0,0.9082019999999998,high,60 km/h,-2.0917980000000003,3
457,XXX_40,16.33,night,20.0,70.0,5.555555555555555,12.6,2.9394,low,20 km/h,-9.660599999999999,13
458,XXX_40,25.1943,night,60.0,50.0,16.666666666666668,3.0,1.5116579999999997,high,60 km/h,-1.4883420000000003,3
459,XXX_40,32.6314,rain,60.0,70.0,16.666666666666668,4.199999999999999,1.9578839999999997,high,60 km/h,-2.2421159999999993,4
460,XXX_41,68.4745,clear,70.0,50.0,19.444444444444446,2.571428571428571,3.5215457142857143,high,70 km/h,0.9501171428571431,3
461,XXX_41,53.2532,clear,30.0,50.0,8.333333333333334,6.0,6.390383999999999,low,30 km/h,0.3903839999999992,6
462,XXX_41,39.1467,rain,30.0,30.0,8.333333333333334,3.5999999999999996,4.697604,low,30 km/h,1.0976040000000005,4
463,XXX_41,73.6093,clear,50.0,70.0,13.88888888888889,5.04,5.2998696,medium,50 km/h,0.25986960000000003,5
464,XXX_41,13.2215,night,70.0,30.0,19.444444444444446,1.5428571428571427,0.6799628571428571,high,70 km/h,-0.8628942857142856,2
465,XXX_41,79.806,rain,70.0,70.0,19.444444444444446,3.5999999999999996,4.104308571428571,high,70 km/h,0.5043085714285711,4
466,XXX_41,44.0236,rain,70.0,30.0,19.444444444444446,1.5428571428571427,2.264070857142857,high,70 km/h,0.7212137142857142,2
467,XXX_41,36.8202,clear,30.0,30.0,8.333333333333334,3.5999999999999996,4.418424,low,30 km/h,0.8184240000000003,4
468,XXX_41,71.9944,night,50.0,50.0,13.88888888888889,3.6,5.1835968,medium,50 km/h,1.5835968,4
469,XXX_41,69.0494,clear,50.0,50.0,13.88888888888889,3.6,4.9715568,medium,50 km/h,1.3715568,4
470,XXX_41,65.0143,rain,50.0,70.0,13.88888888888889,5.04,4.6810296000000005,medium,50 km/h,-0.3589703999999996,5
472,XXX_41,88.8529,night,70.0,50.0,19.444444444444446,2.571428571428571,4.569577714285714,high,70 km/h,1.9981491428571427,3
473,XXX_41,40.4911,clear,70.0,30.0,19.444444444444446,1.5428571428571427,2.0823994285714287,high,70 km/h,0.539542285714286,2
474,XXX_41,59.6068,rain,50.0,50.0,13.88888888888889,3.6,4.2916896,medium,50 km/h,0.6916895999999997,4
475,XXX_41,38.7517,rain,30.0,70.0,8.333333333333334,8.399999999999999,4.650204,low,30 km/h,-3.749795999999999,8
476,XXX_41,47.5591,clear,50.0,30.0,13.88888888888889,2.16,3.4242552,medium,50 km/h,1.2642552,2
477,XXX_41,69.3515,rain,70.0,50.0,19.444444444444446,2.571428571428571,3.566648571428571,high,70 km/h,0.9952199999999998,3
478,XXX_41,60.2188,night,30.0,50.0,8.333333333333334,6.0,7.226255999999999,low,30 km/h,1.2262559999999993,6
479,XXX_41,31.1961,night,30.0,30.0,8.333333333333334,3.5999999999999996,3.743532,low,30 km/h,0.14353200000000044,4
480,XXX_41,105.804,night,50.0,70.0,13.88888888888889,5.04,7.617888,medium,50 km/h,2.5778879999999997,5
481,XXX_41,33.8703,rain,50.0,30.0,13.88888888888889,2.16,2.4386616,medium,50 km/h,0.27866159999999995,2
482,XXX_41,47.0357,rain,30.0,50.0,8.333333333333334,6.0,5.644284,low,30 km/h,-0.35571600000000014,6
483,XXX_41,123.72,night,70.0,70.0,19.444444444444446,3.5999999999999996,6.362742857142856,high,70 km/h,2.7627428571428565,4
484,XXX_41,53.8279,clear,30.0,70.0,8.333333333333334,8.399999999999999,6.459347999999999,low,30 km/h,-1.9406519999999992,8
485,XXX_41,55.041,night,30.0,70.0,8.333333333333334,8.399999999999999,6.604919999999999,low,30 km/h,-1.7950799999999996,8
486,XXX_41,54.5485,night,50.0,30.0,13.88888888888889,2.16,3.9274919999999995,medium,50 km/h,1.7674919999999994,2
487,XXX_42,18.3576,clear,50.0,20.0,13.88888888888889,1.44,1.3217472000000001,medium,50 km/h,-0.11825279999999982,1
488,XXX_42,54.4151,rain,70.0,60.0,19.444444444444446,3.0857142857142854,2.798490857142857,high,70 km/h,-0.2872234285714286,3
489,XXX_42,20.6858,clear,30.0,20.0,8.333333333333334,2.4,2.482296,low,30 km/h,0.08229599999999992,2
490,XXX_42,29.1824,clear,50.0,40.0,13.88888888888889,2.88,2.1011328000000002,medium,50 km/h,-0.7788671999999996,3
491,XXX_42,10.9589,night,70.0,60.0,19.444444444444446,3.0857142857142854,0.5636005714285713,high,70 km/h,-2.522113714285714,3
492,XXX_42,14.6268,night,50.0,20.0,13.88888888888889,1.44,1.0531295999999999,medium,50 km/h,-0.38687040000000006,1
493,XXX_42,39.1141,night,30.0,60.0,8.333333333333334,7.199999999999999,4.6936919999999995,low,30 km/h,-2.5063079999999998,7
494,XXX_42,34.4063,rain,30.0,60.0,8.333333333333334,7.199999999999999,4.128756,low,30 km/h,-3.071243999999999,7
495,XXX_42,11.6473,night,30.0,20.0,8.333333333333334,2.4,1.397676,low,30 km/h,-1.002324,2
496,XXX_42,42.8721,rain,50.0,60.0,13.88888888888889,4.32,3.0867912,medium,50 km/h,-1.2332088000000003,4
497,XXX_42,20.0165,clear,30.0,40.0,8.333333333333334,4.8,2.40198,low,30 km/h,-2.39802,5
498,XXX_42,10.7468,rain,30.0,20.0,8.333333333333334,2.4,1.2896159999999999,low,30 km/h,-1.110384,2
499,XXX_42,6.35349,night,70.0,20.0,19.444444444444446,1.0285714285714285,0.32675091428571423,high,70 km/h,-0.7018205142857142,1
500,XXX_42,21.5958,clear,30.0,60.0,8.333333333333334,7.199999999999999,2.591496,low,30 km/h,-4.608504,7
501,XXX_42,17.4683,night,30.0,40.0,8.333333333333334,4.8,2.096196,low,30 km/h,-2.703804,5
502,XXX_42,28.5475,night,50.0,40.0,13.88888888888889,2.88,2.05542,medium,50 km/h,-0.8245800000000001,3
503,XXX_42,19.7898,night,70.0,40.0,19.444444444444446,2.057142857142857,1.0177611428571427,high,70 km/h,-1.0393817142857142,2
504,XXX_42,26.583,rain,70.0,40.0,19.444444444444446,2.057142857142857,1.367125714285714,high,70 km/h,-0.6900171428571429,2
505,XXX_42,24.4715,rain,30.0,40.0,8.333333333333334,4.8,2.9365799999999997,low,30 km/h,-1.86342,5
506,XXX_42,26.485,rain,50.0,40.0,13.88888888888889,2.88,1.90692,medium,50 km/h,-0.97308,3
507,XXX_42,45.1389,night,50.0,60.0,13.88888888888889,4.32,3.2500008,medium,50 km/h,-1.0699992000000003,4
508,XXX_42,10.369,rain,70.0,20.0,19.444444444444446,1.0285714285714285,0.533262857142857,high,70 km/h,-0.49530857142857143,1
509,XXX_42,37.5061,clear,50.0,60.0,13.88888888888889,4.32,2.7004392000000004,medium,50 km/h,-1.6195608,4
510,XXX_42,14.5406,clear,70.0,60.0,19.444444444444446,3.0857142857142854,0.7478022857142856,high,70 km/h,-2.3379119999999998,3
511,XXX_42,12.3391,clear,70.0,20.0,19.444444444444446,1.0285714285714285,0.6345822857142857,high,70 km/h,-0.3939891428571428,1
512,XXX_42,30.4282,clear,70.0,40.0,19.444444444444446,2.057142857142857,1.564878857142857,high,70 km/h,-0.49226400000000003,2
513,XXX_42,16.7567,rain,50.0,20.0,13.88888888888889,1.44,1.2064823999999998,medium,50 km/h,-0.2335176000000001,1
514,XXX_43,28.2481,clear,40.0,50.0,11.11111111111111,4.5,2.542329,medium,40 km/h,-1.957671,4
515,XXX_43,12.3917,night,20.0,30.0,5.555555555555555,5.4,2.230506,low,20 km/h,-3.1694940000000003,5
516,XXX_43,34.0898,night,20.0,70.0,5.555555555555555,12.6,6.136164,low,20 km/h,-6.463836,13
517,XXX_43,30.2797,clear,20.0,50.0,5.555555555555555,9.0,5.450346,low,20 km/h,-3.5496540000000003,9
518,XXX_43,38.9367,clear,40.0,70.0,11.11111111111111,6.3,3.504303,medium,40 km/h,-2.7956969999999997,6
519,XXX_43,9.25243,night,60.0,30.0,16.666666666666668,1.7999999999999998,0.5551458,high,60 km/h,-1.2448541999999998,2
520,XXX_43,19.9965,night,40.0,30.0,11.11111111111111,2.7,1.7996850000000002,medium,40 km/h,-0.900315,3
521,XXX_43,38.8241,night,40.0,50.0,11.11111111111111,4.5,3.4941690000000003,medium,40 km/h,-1.0058309999999997,4
522,XXX_43,34.9908,rain,40.0,50.0,11.11111111111111,4.5,3.149172,medium,40 km/h,-1.350828,4
523,XXX_43,37.649,clear,60.0,70.0,16.666666666666668,4.199999999999999,2.25894,high,60 km/h,-1.9410599999999993,4
524,XXX_43,11.3773,rain,20.0,30.0,5.555555555555555,5.4,2.047914,low,20 km/h,-3.3520860000000003,5
525,XXX_43,16.7935,clear,40.0,30.0,11.11111111111111,2.7,1.5114150000000002,medium,40 km/h,-1.188585,3
526,XXX_43,41.5087,rain,20.0,70.0,5.555555555555555,12.6,7.471566,low,20 km/h,-5.1284339999999995,13
527,XXX_43,61.8368,night,60.0,70.0,16.666666666666668,4.199999999999999,3.7102079999999997,high,60 km/h,-0.48979199999999956,4
528,XXX_43,46.1256,night,40.0,70.0,11.11111111111111,6.3,4.151304,medium,40 km/h,-2.148696,6
529,XXX_43,28.8859,rain,60.0,50.0,16.666666666666668,3.0,1.7331539999999999,high,60 km/h,-1.2668460000000001,3
530,XXX_43,23.6894,night,20.0,50.0,5.555555555555555,9.0,4.264092,low,20 km/h,-4.735908,9
531,XXX_43,49.1007,rain,60.0,70.0,16.666666666666668,4.199999999999999,2.946042,high,60 km/h,-1.2539579999999995,4
532,XXX_43,38.5735,rain,40.0,70.0,11.11111111111111,6.3,3.4716150000000003,medium,40 km/h,-2.8283849999999995,6
533,XXX_43,21.1155,clear,20.0,30.0,5.555555555555555,5.4,3.80079,low,20 km/h,-1.5992100000000002,5
534,XXX_43,37.2253,night,60.0,50.0,16.666666666666668,3.0,2.2335179999999997,high,60 km/h,-0.7664820000000003,3
535,XXX_43,26.709,rain,20.0,50.0,5.555555555555555,9.0,4.80762,low,20 km/h,-4.19238,9
536,XXX_43,17.7978,clear,60.0,30.0,16.666666666666668,1.7999999999999998,1.0678679999999998,high,60 km/h,-0.732132,2
537,XXX_43,18.6544,rain,60.0,30.0,16.666666666666668,1.7999999999999998,1.1192639999999998,high,60 km/h,-0.680736,2
538,XXX_43,26.0396,rain,40.0,30.0,11.11111111111111,2.7,2.343564,medium,40 km/h,-0.356436,3
539,XXX_43,67.0715,clear,60.0,50.0,16.666666666666668,3.0,4.02429,high,60 km/h,1.0242899999999997,3
540,XXX_43,49.3978,clear,20.0,70.0,5.555555555555555,12.6,8.891604,low,20 km/h,-3.7083960000000005,13
